batchId,ms,groupSize,rg,rb,userVectorFirstEle,lastGroupVectorFirstEle
1000,104976.835807,2,0.700000000000000000,0.900000000000000000,0.006433333333333334,1.000000000000000000
