{"customerId":2,"rg":0.7,"rb":0.9,"groupSize":2,"countOfBaskets":4,"countOfGroups":2,"lastGroupOfBaskets":[{"customerId":2,"orderId":5,"basketOneHot":[1.0,1.0,1.0,1.0]},{"customerId":2,"orderId":3,"basketOneHot":[1.0,1.0,0.0,1.0]}],"lastGroupVector":[0.95,0.95,0.45,0.95],"userVector":[0.8075000000000001,0.8075000000000001,0.5575000000000001,0.6499999999999999]}
